{"expires":1752583173688,"version":"0.5.2","data":[{"src":[{"url":"//cdn.fontshare.com/wf/J6PPRPKWXDUIYA47IXLEQB4R4OPVYDQH/N2ZXAXWEHVMLISD2TIXJC7EF4GOY43L4/NXM4Z4TDCMYWBZ7AVI2N6DQ5VMWNENMU.woff2","format":"woff2"},{"url":"//cdn.fontshare.com/wf/J6PPRPKWXDUIYA47IXLEQB4R4OPVYDQH/N2ZXAXWEHVMLISD2TIXJC7EF4GOY43L4/NXM4Z4TDCMYWBZ7AVI2N6DQ5VMWNENMU.woff","format":"woff"},{"url":"//cdn.fontshare.com/wf/J6PPRPKWXDUIYA47IXLEQB4R4OPVYDQH/N2ZXAXWEHVMLISD2TIXJC7EF4GOY43L4/NXM4Z4TDCMYWBZ7AVI2N6DQ5VMWNENMU.ttf","format":"truetype"}],"weight":400,"display":"swap","style":"normal"}]}