{"expires":1752583573321,"version":"0.5.2","data":[{"src":[{"url":"//cdn.fontshare.com/wf/TTX2Z3BF3P6Y5BQT3IV2VNOK6FL22KUT/7QYRJOI3JIMYHGY6CH7SOIFRQLZOLNJ6/KFIAZD4RUMEZIYV6FQ3T3GP5PDBDB6JY.woff2","format":"woff2"},{"url":"//cdn.fontshare.com/wf/TTX2Z3BF3P6Y5BQT3IV2VNOK6FL22KUT/7QYRJOI3JIMYHGY6CH7SOIFRQLZOLNJ6/KFIAZD4RUMEZIYV6FQ3T3GP5PDBDB6JY.woff","format":"woff"},{"url":"//cdn.fontshare.com/wf/TTX2Z3BF3P6Y5BQT3IV2VNOK6FL22KUT/7QYRJOI3JIMYHGY6CH7SOIFRQLZOLNJ6/KFIAZD4RUMEZIYV6FQ3T3GP5PDBDB6JY.ttf","format":"truetype"}],"weight":400,"display":"swap","style":"normal"},{"src":[{"url":"//cdn.fontshare.com/wf/MPIFA4B3XXRNY2MJDGP6GOOOAF6EOCLO/W5E4ZFYPJ3V6JKMBGHB6YMITK6EWS2XA/QOMBWPST76ICDYF6WOBS7SQ7RBT67QW2.woff2","format":"woff2"},{"url":"//cdn.fontshare.com/wf/MPIFA4B3XXRNY2MJDGP6GOOOAF6EOCLO/W5E4ZFYPJ3V6JKMBGHB6YMITK6EWS2XA/QOMBWPST76ICDYF6WOBS7SQ7RBT67QW2.woff","format":"woff"},{"url":"//cdn.fontshare.com/wf/MPIFA4B3XXRNY2MJDGP6GOOOAF6EOCLO/W5E4ZFYPJ3V6JKMBGHB6YMITK6EWS2XA/QOMBWPST76ICDYF6WOBS7SQ7RBT67QW2.ttf","format":"truetype"}],"weight":400,"display":"swap","style":"italic"}]}