{"expires":1752582217792,"version":"0.5.2","data":[{"style":"italic","weight":400,"src":[{"url":"https://fonts.gstatic.com/s/ebgaramond/v31/SlGFmQSNjdsmc35JDF1K5GRwUjcdlttVFm-rI7e8QL9wU6i1hGFJRvzr2Q.woff2","format":"woff2"}],"unicodeRange":["U+0460-052F","U+1C80-1C8A","U+20B4","U+2DE0-2DFF","U+A640-A69F","U+FE2E-FE2F"],"meta":{"priority":0}},{"style":"italic","weight":400,"src":[{"url":"https://fonts.gstatic.com/s/ebgaramond/v31/SlGFmQSNjdsmc35JDF1K5GRwUjcdlttVFm-rI7e8QL95U6i1hGFJRvzr2Q.woff2","format":"woff2"}],"unicodeRange":["U+0301","U+0400-045F","U+0490-0491","U+04B0-04B1","U+2116"],"meta":{"priority":0}},{"style":"italic","weight":400,"src":[{"url":"https://fonts.gstatic.com/s/ebgaramond/v31/SlGFmQSNjdsmc35JDF1K5GRwUjcdlttVFm-rI7e8QL9xU6i1hGFJRvzr2Q.woff2","format":"woff2"}],"unicodeRange":["U+1F00-1FFF"],"meta":{"priority":0}},{"style":"italic","weight":400,"src":[{"url":"https://fonts.gstatic.com/s/ebgaramond/v31/SlGFmQSNjdsmc35JDF1K5GRwUjcdlttVFm-rI7e8QL9-U6i1hGFJRvzr2Q.woff2","format":"woff2"}],"unicodeRange":["U+0370-0377","U+037A-037F","U+0384-038A","U+038C","U+038E-03A1","U+03A3-03FF"],"meta":{"priority":0}},{"style":"italic","weight":400,"src":[{"url":"https://fonts.gstatic.com/s/ebgaramond/v31/SlGFmQSNjdsmc35JDF1K5GRwUjcdlttVFm-rI7e8QL9yU6i1hGFJRvzr2Q.woff2","format":"woff2"}],"unicodeRange":["U+0102-0103","U+0110-0111","U+0128-0129","U+0168-0169","U+01A0-01A1","U+01AF-01B0","U+0300-0301","U+0303-0304","U+0308-0309","U+0323","U+0329","U+1EA0-1EF9","U+20AB"],"meta":{"priority":0}},{"style":"italic","weight":400,"src":[{"url":"https://fonts.gstatic.com/s/ebgaramond/v31/SlGFmQSNjdsmc35JDF1K5GRwUjcdlttVFm-rI7e8QL9zU6i1hGFJRvzr2Q.woff2","format":"woff2"}],"unicodeRange":["U+0100-02BA","U+02BD-02C5","U+02C7-02CC","U+02CE-02D7","U+02DD-02FF","U+0304","U+0308","U+0329","U+1D00-1DBF","U+1E00-1E9F","U+1EF2-1EFF","U+2020","U+20A0-20AB","U+20AD-20C0","U+2113","U+2C60-2C7F","U+A720-A7FF"],"meta":{"priority":0}},{"style":"italic","weight":400,"src":[{"url":"https://fonts.gstatic.com/s/ebgaramond/v31/SlGFmQSNjdsmc35JDF1K5GRwUjcdlttVFm-rI7e8QL99U6i1hGFJRvw.woff2","format":"woff2"}],"unicodeRange":["U+0000-00FF","U+0131","U+0152-0153","U+02BB-02BC","U+02C6","U+02DA","U+02DC","U+0304","U+0308","U+0329","U+2000-206F","U+20AC","U+2122","U+2191","U+2193","U+2212","U+2215","U+FEFF","U+FFFD"],"meta":{"priority":0}},{"style":"normal","weight":400,"src":[{"url":"https://fonts.gstatic.com/s/ebgaramond/v31/SlGDmQSNjdsmc35JDF1K5E55YMjF_7DPuGi-6_RkCY9_WamXgHlIbvw.woff2","format":"woff2"}],"unicodeRange":["U+0460-052F","U+1C80-1C8A","U+20B4","U+2DE0-2DFF","U+A640-A69F","U+FE2E-FE2F"],"meta":{"priority":0}},{"style":"normal","weight":400,"src":[{"url":"https://fonts.gstatic.com/s/ebgaramond/v31/SlGDmQSNjdsmc35JDF1K5E55YMjF_7DPuGi-6_RkAI9_WamXgHlIbvw.woff2","format":"woff2"}],"unicodeRange":["U+0301","U+0400-045F","U+0490-0491","U+04B0-04B1","U+2116"],"meta":{"priority":0}},{"style":"normal","weight":400,"src":[{"url":"https://fonts.gstatic.com/s/ebgaramond/v31/SlGDmQSNjdsmc35JDF1K5E55YMjF_7DPuGi-6_RkCI9_WamXgHlIbvw.woff2","format":"woff2"}],"unicodeRange":["U+1F00-1FFF"],"meta":{"priority":0}},{"style":"normal","weight":400,"src":[{"url":"https://fonts.gstatic.com/s/ebgaramond/v31/SlGDmQSNjdsmc35JDF1K5E55YMjF_7DPuGi-6_RkB49_WamXgHlIbvw.woff2","format":"woff2"}],"unicodeRange":["U+0370-0377","U+037A-037F","U+0384-038A","U+038C","U+038E-03A1","U+03A3-03FF"],"meta":{"priority":0}},{"style":"normal","weight":400,"src":[{"url":"https://fonts.gstatic.com/s/ebgaramond/v31/SlGDmQSNjdsmc35JDF1K5E55YMjF_7DPuGi-6_RkC49_WamXgHlIbvw.woff2","format":"woff2"}],"unicodeRange":["U+0102-0103","U+0110-0111","U+0128-0129","U+0168-0169","U+01A0-01A1","U+01AF-01B0","U+0300-0301","U+0303-0304","U+0308-0309","U+0323","U+0329","U+1EA0-1EF9","U+20AB"],"meta":{"priority":0}},{"style":"normal","weight":400,"src":[{"url":"https://fonts.gstatic.com/s/ebgaramond/v31/SlGDmQSNjdsmc35JDF1K5E55YMjF_7DPuGi-6_RkCo9_WamXgHlIbvw.woff2","format":"woff2"}],"unicodeRange":["U+0100-02BA","U+02BD-02C5","U+02C7-02CC","U+02CE-02D7","U+02DD-02FF","U+0304","U+0308","U+0329","U+1D00-1DBF","U+1E00-1E9F","U+1EF2-1EFF","U+2020","U+20A0-20AB","U+20AD-20C0","U+2113","U+2C60-2C7F","U+A720-A7FF"],"meta":{"priority":0}},{"style":"normal","weight":400,"src":[{"url":"https://fonts.gstatic.com/s/ebgaramond/v31/SlGDmQSNjdsmc35JDF1K5E55YMjF_7DPuGi-6_RkBI9_WamXgHlI.woff2","format":"woff2"}],"unicodeRange":["U+0000-00FF","U+0131","U+0152-0153","U+02BB-02BC","U+02C6","U+02DA","U+02DC","U+0304","U+0308","U+0329","U+2000-206F","U+20AC","U+2122","U+2191","U+2193","U+2212","U+2215","U+FEFF","U+FFFD"],"meta":{"priority":0}},{"style":"italic","weight":400,"src":[{"url":"https://fonts.gstatic.com/s/ebgaramond/v31/SlGFmQSNjdsmc35JDF1K5GRwUjcdlttVFm-rI7e8QI95.woff","format":"woff"}],"meta":{"priority":1}},{"style":"normal","weight":400,"src":[{"url":"https://fonts.gstatic.com/s/ebgaramond/v31/SlGDmQSNjdsmc35JDF1K5E55YMjF_7DPuGi-6_RUAA.woff","format":"woff"}],"meta":{"priority":1}}]}