{"expires":1752581941787,"version":"0.5.2","data":[{"style":"normal","weight":400,"src":[{"url":"https://fonts.gstatic.com/s/fasthand/v32/0yb9GDohyKTYn_ZEERkpaE0Urhg0.woff2","format":"woff2"}],"unicodeRange":["U+0000-00FF","U+0131","U+0152-0153","U+02BB-02BC","U+02C6","U+02DA","U+02DC","U+0304","U+0308","U+0329","U+2000-206F","U+20AC","U+2122","U+2191","U+2193","U+2212","U+2215","U+FEFF","U+FFFD"],"meta":{"priority":0}},{"style":"normal","weight":400,"src":[{"url":"https://fonts.gstatic.com/s/fasthand/v32/0yb9GDohyKTYn_ZEESkt.woff","format":"woff"}],"meta":{"priority":1}}]}