{"expires":1752583895124,"version":"0.5.2","data":[{"style":"italic","weight":400,"src":[{"url":"https://fonts.gstatic.com/s/playfair/v9/0nkSC9D7PO4KhmUJ59baVQ_iWhg0cgSrLQZDFpFUsLCFf_1ubkfQeG9KkBAQcOsAs-zcOTBemy0Y4hXjJrAZRHfs.woff2","format":"woff2"}],"unicodeRange":["U+0460-052F","U+1C80-1C8A","U+20B4","U+2DE0-2DFF","U+A640-A69F","U+FE2E-FE2F"],"meta":{"priority":0}},{"style":"italic","weight":400,"src":[{"url":"https://fonts.gstatic.com/s/playfair/v9/0nkSC9D7PO4KhmUJ59baVQ_iWhg0cgSrLQZDFpFUsLCFf_1ubkfQeG9KkBAQcOsAs-zcOTBemyQY4hXjJrAZRHfs.woff2","format":"woff2"}],"unicodeRange":["U+0301","U+0400-045F","U+0490-0491","U+04B0-04B1","U+2116"],"meta":{"priority":0}},{"style":"italic","weight":400,"src":[{"url":"https://fonts.gstatic.com/s/playfair/v9/0nkSC9D7PO4KhmUJ59baVQ_iWhg0cgSrLQZDFpFUsLCFf_1ubkfQeG9KkBAQcOsAs-zcOTBemy8Y4hXjJrAZRHfs.woff2","format":"woff2"}],"unicodeRange":["U+0102-0103","U+0110-0111","U+0128-0129","U+0168-0169","U+01A0-01A1","U+01AF-01B0","U+0300-0301","U+0303-0304","U+0308-0309","U+0323","U+0329","U+1EA0-1EF9","U+20AB"],"meta":{"priority":0}},{"style":"italic","weight":400,"src":[{"url":"https://fonts.gstatic.com/s/playfair/v9/0nkSC9D7PO4KhmUJ59baVQ_iWhg0cgSrLQZDFpFUsLCFf_1ubkfQeG9KkBAQcOsAs-zcOTBemy4Y4hXjJrAZRHfs.woff2","format":"woff2"}],"unicodeRange":["U+0100-02BA","U+02BD-02C5","U+02C7-02CC","U+02CE-02D7","U+02DD-02FF","U+0304","U+0308","U+0329","U+1D00-1DBF","U+1E00-1E9F","U+1EF2-1EFF","U+2020","U+20A0-20AB","U+20AD-20C0","U+2113","U+2C60-2C7F","U+A720-A7FF"],"meta":{"priority":0}},{"style":"italic","weight":400,"src":[{"url":"https://fonts.gstatic.com/s/playfair/v9/0nkSC9D7PO4KhmUJ59baVQ_iWhg0cgSrLQZDFpFUsLCFf_1ubkfQeG9KkBAQcOsAs-zcOTBemyAY4hXjJrAZRA.woff2","format":"woff2"}],"unicodeRange":["U+0000-00FF","U+0131","U+0152-0153","U+02BB-02BC","U+02C6","U+02DA","U+02DC","U+0304","U+0308","U+0329","U+2000-206F","U+20AC","U+2122","U+2191","U+2193","U+2212","U+2215","U+FEFF","U+FFFD"],"meta":{"priority":0}},{"style":"normal","weight":400,"src":[{"url":"https://fonts.gstatic.com/s/playfair/v9/0nkQC9D7PO4KhmUJ5_zTZ_4MYQXznAK-TUcZXKO3UMnW6VNpe4-SiiZ4b8h5G3GutPkUeugXqyIS4zfnPrExRA.woff2","format":"woff2"}],"unicodeRange":["U+0460-052F","U+1C80-1C8A","U+20B4","U+2DE0-2DFF","U+A640-A69F","U+FE2E-FE2F"],"meta":{"priority":0}},{"style":"normal","weight":400,"src":[{"url":"https://fonts.gstatic.com/s/playfair/v9/0nkQC9D7PO4KhmUJ5_zTZ_4MYQXznAK-TUcZXKO3UMnW6VNpe4-SiiZ4b8h5G3GutPkUeugeqyIS4zfnPrExRA.woff2","format":"woff2"}],"unicodeRange":["U+0301","U+0400-045F","U+0490-0491","U+04B0-04B1","U+2116"],"meta":{"priority":0}},{"style":"normal","weight":400,"src":[{"url":"https://fonts.gstatic.com/s/playfair/v9/0nkQC9D7PO4KhmUJ5_zTZ_4MYQXznAK-TUcZXKO3UMnW6VNpe4-SiiZ4b8h5G3GutPkUeugVqyIS4zfnPrExRA.woff2","format":"woff2"}],"unicodeRange":["U+0102-0103","U+0110-0111","U+0128-0129","U+0168-0169","U+01A0-01A1","U+01AF-01B0","U+0300-0301","U+0303-0304","U+0308-0309","U+0323","U+0329","U+1EA0-1EF9","U+20AB"],"meta":{"priority":0}},{"style":"normal","weight":400,"src":[{"url":"https://fonts.gstatic.com/s/playfair/v9/0nkQC9D7PO4KhmUJ5_zTZ_4MYQXznAK-TUcZXKO3UMnW6VNpe4-SiiZ4b8h5G3GutPkUeugUqyIS4zfnPrExRA.woff2","format":"woff2"}],"unicodeRange":["U+0100-02BA","U+02BD-02C5","U+02C7-02CC","U+02CE-02D7","U+02DD-02FF","U+0304","U+0308","U+0329","U+1D00-1DBF","U+1E00-1E9F","U+1EF2-1EFF","U+2020","U+20A0-20AB","U+20AD-20C0","U+2113","U+2C60-2C7F","U+A720-A7FF"],"meta":{"priority":0}},{"style":"normal","weight":400,"src":[{"url":"https://fonts.gstatic.com/s/playfair/v9/0nkQC9D7PO4KhmUJ5_zTZ_4MYQXznAK-TUcZXKO3UMnW6VNpe4-SiiZ4b8h5G3GutPkUeugaqyIS4zfnPrE.woff2","format":"woff2"}],"unicodeRange":["U+0000-00FF","U+0131","U+0152-0153","U+02BB-02BC","U+02C6","U+02DA","U+02DC","U+0304","U+0308","U+0329","U+2000-206F","U+20AC","U+2122","U+2191","U+2193","U+2212","U+2215","U+FEFF","U+FFFD"],"meta":{"priority":0}},{"style":"italic","weight":400,"src":[{"url":"https://fonts.gstatic.com/s/playfair/v9/0nkSC9D7PO4KhmUJ59baVQ_iWhg0cgSrLQZDFpFUsLCFf_1ubkfQeG9KkBAQcOsAs-zcOTBeqyQ.woff","format":"woff"}],"meta":{"priority":1}},{"style":"normal","weight":400,"src":[{"url":"https://fonts.gstatic.com/s/playfair/v9/0nkQC9D7PO4KhmUJ5_zTZ_4MYQXznAK-TUcZXKO3UMnW6VNpe4-SiiZ4b8h5G3GutPkUetge.woff","format":"woff"}],"meta":{"priority":1}}]}